{"noiseKey":{"private":{"type":"Buffer","data":"QNot9UxIrvZmQ9aKOeZNEQflUa6Igrj9hLCiJIfl3k4="},"public":{"type":"Buffer","data":"qUCDBlw8uFMi1luU/q6xF0QPz265IoGWlE9cYXIf9H0="}},"pairingEphemeralKeyPair":{"private":{"type":"Buffer","data":"SGnbncg5UBIKLCM7Z+XG64Cs5LtizYoicIiCxBsZhH8="},"public":{"type":"Buffer","data":"Dd9QpHpfQpLIHMMEqnzN69DUiFRs0GZ09pg/HYeNJFg="}},"signedIdentityKey":{"private":{"type":"Buffer","data":"6CsFnJn+i4tKSkbTINrNYw3/wgUCS8HNxYY01ygQvmE="},"public":{"type":"Buffer","data":"XzyN953pqsJlQh2TaLWhY7WY3XCGAR+O0FaqsTD5Jkc="}},"signedPreKey":{"keyPair":{"private":{"type":"Buffer","data":"0Jzft8ru2ekXaAvOawdWnTHEnntTmJuvJI9O8rff+XQ="},"public":{"type":"Buffer","data":"3/7aoPKdrv0HHVEm27u70it0w6QuCBdPAZDxjJ+E3kE="}},"signature":{"type":"Buffer","data":"CowI44hNkfLAudbIv3ZkIdVZrU8PWmXCCg4THdHNRwo0Gr9nAjDdI4EjDNSRgCWppOlOaiWZtCav+a2UaLfuAA=="},"keyId":1},"registrationId":171,"advSecretKey":"SGnTRWZuIYnwK35/NTp4dD2ByGineHk/wRbWdRltZKs=","processedHistoryMessages":[{"key":{"remoteJid":"923341122126@s.whatsapp.net","fromMe":true,"id":"27AA23B01EF3DCE0AAE534CEFA5DFF19"},"messageTimestamp":1743965704}],"nextPreKeyId":31,"firstUnuploadedPreKeyId":31,"accountSyncCounter":1,"accountSettings":{"unarchiveChats":false},"deviceId":"bbL8G2yWRvW-Lh3Xz_fwTA","phoneId":"5e77e72b-e794-4f62-b95f-44d6c7026edb","identityId":{"type":"Buffer","data":"BYWU3m/aOlA8T0TQww2DrRlQd8o="},"registered":true,"backupToken":{"type":"Buffer","data":"Sooo1CsB+L5iGe0W2hXQsZ3kvBI="},"registration":{},"pairingCode":"9V5NX4YS","me":{"id":"923341122126:21@s.whatsapp.net","name":"Mʀ Wʌѕɘɘɱ","lid":"93733483737325:21@lid"},"account":{"details":"CMjv5MYCEP2by78GGAEgACgA","accountSignatureKey":"5QsyWsrby1JZn2vl0itlGuNPHI/yxmHmI+8c5orvcQc=","accountSignature":"pxUYQYJc+MAonlFLyyP1EGDbUvOkioLkn3Ax+NW6MIyCpqWaZ5EEvz9AAa6pb43Ilz9lsjIQKKhJJCnzTISIAA==","deviceSignature":"eARTTiXGJe3pP7xVqrQgTVYjEH1fHZNmE4Q22AZnYGMbeyzBXwbfXJ4ctZfq0Ty2GYEKchgUWN51Rj4y8JaqBA=="},"signalIdentities":[{"identifier":{"name":"923341122126:21@s.whatsapp.net","deviceId":0},"identifierKey":{"type":"Buffer","data":"BeULMlrK28tSWZ9r5dIrZRrjTxyP8sZh5iPvHOaK73EH"}}],"platform":"smba","lastAccountSyncTimestamp":1743965697,"myAppStateKeyId":"AAAAAJcX"}